検索順位,タイトル,URL
1,python.jp: プログラミング言語 Python 総合情報サイト,https://www.python.jp/
2,Welcome to Python.org,https://www.python.org/
3,,"https://www.tech-teacher.jp/blog/python_suitable/#:~:text=Python%E3%81%AF%E3%83%87%E3%82%A3%E3%83%BC%E3%83%97%E3%83%A9%E3%83%BC%E3%83%8B%E3%83%B3%E3%82%B0%E3%81%AB,%E4%BC%81%E6%A5%AD%E3%81%AE%E5%BE%8C%E6%8A%BC%E3%81%97%E3%81%8C%E3%81%82%E3%82%8A%E3%81%BE%E3%81%99%E3%80%82"
4,,"https://sejuku.net/blog/7720#:~:text=Python%E3%81%A8%E3%81%AF%E3%80%81%E3%82%AA%E3%83%A9%E3%83%B3%E3%83%80%E4%BA%BA,%E6%80%A7%E3%81%AE%E9%AB%98%E3%81%84%E8%A8%80%E8%AA%9E%E3%81%A7%E3%81%99%E3%80%82"
5,,"https://udemy.benesse.co.jp/development/python-work/python.html#:~:text=Python%E3%81%A8%E3%81%AF%E3%80%81AI%E3%82%84,%E3%81%AB%E3%82%88%E3%81%A3%E3%81%A6%E9%96%8B%E7%99%BA%E3%81%95%E3%82%8C%E3%81%BE%E3%81%97%E3%81%9F%E3%80%82"
6,,https://tech-diary.net/python-self-study/
7,Python - Wikipedia,https://ja.wikipedia.org/wiki/Python
8,Pythonとは？特徴やできることを初心者向けにわかりやすく解説,https://www.sejuku.net/blog/7720
9,Python入門,https://www.javadrive.jp/python/
10,Python-izm | Python の入門から応用までをサポートする学習 ...,https://www.python-izm.com/
11,Pythonとは？言語の特徴・メリット・活用事例を初心…,https://udemy.benesse.co.jp/development/python-work/python.html
12,Pythonプログラミング入門,https://utokyo-ipp.github.io/
13,Pythonとは？プログラミング言語の概要や用途を徹底解説,https://coeteco.jp/articles/10661
14,Download Python,https://www.python.org/downloads/
15,［Python入門］Pythonってどんな言語なの？ - ITmedia,https://atmarkit.itmedia.co.jp/ait/articles/1904/02/news024.html
16,とほほのPython入門,https://www.tohoho-web.com/python/
17,新・Python入門編 | プログラミング学習サイト【paizaラーニング】,https://paiza.jp/works/python/new-primer
18,Pythonの開発環境を用意しよう！（Windows）,https://prog-8.com/docs/python-env-win
19,プログラミング言語のPythonとは？その特徴と活用方法,https://hnavi.co.jp/knowledge/blog/python/
20,Pythonとは？初心者向けチュートリアル、開発に役立つ情報,https://qiita.com/tags/python
21,Pythonでできること6つ！活用事例やおすすめ学習方法まで ...,https://www.dhw.ac.jp/faculty/game/python/
22,【2023 年最新】0 からわかる Python 入門ロードマップ！,https://blog.kikagaku.co.jp/python-roadmap
23,スッキリわかるPython入門 (スッキリわかる入門シリーズ),https://www.amazon.co.jp/%E3%82%B9%E3%83%83%E3%82%AD%E3%83%AA%E3%82%8F%E3%81%8B%E3%82%8BPython%E5%85%A5%E9%96%80-%E3%82%B9%E3%83%83%E3%82%AD%E3%83%AA%E3%82%B7%E3%83%AA%E3%83%BC%E3%82%BA-%E5%9B%BD%E6%9C%AC%E5%A4%A7%E6%82%9F/dp/4295006327
24,Pythonとは？大人気プログラミング言語のメリットや活用事例を ...,https://www.internetacademy.jp/it/programming/programming-basic/what-is-python.html
25,Python試験・資格、データ分析試験・資格を運営する一般社団 ...,https://www.pythonic-exam.com/
26,「Python ゼロからはじめるプログラミング」サポートページ,https://mitani.cs.tsukuba.ac.jp/book_support/python/
27,Python - 奥村研究室,https://okumuralab.org/~okumura/python/
28,PyQ | Pythonで一歩踏み出すあなたのための、独学 ...,https://pyq.jp/
29,Python（プログラミング）の学習ならオンライン動画授業・講座 ...,https://schoo.jp/class/category/programming/289
30,Python 言語入門,https://www.isc.meiji.ac.jp/~be00085/Python3/index.html
31,Pythonのオンライントレーニングコース,https://jp.linkedin.com/learning/topics/python
32,Google App Engine での Python,https://cloud.google.com/appengine/docs/python?hl=ja
33,プログラミング言語人気第1位 Pythonでできること5選,https://www.youtube.com/watch?v=2FIAadJEZhk
34,Pythonに関する情報 - nkmk note,https://note.nkmk.me/python/
35,O'Reilly Japan - Books :: Python,https://www.oreilly.co.jp/books/python/
36,Python（プログラミング）の学習ならオンライン動画授業・講座 ...,https://schoo.jp/class/category/programming/289
37,【集合】Python入門 (UJS60L),http://www.knowledgewing.com/cgi-bin/kw/redirect.cgi?c=UJS60L
38,Python学院ーオンラインで学べる,https://www.insource.co.jp/bup/python-gakuin.html
39,パパッとPython ドリルで入門プログラミング,https://www.morikita.co.jp/books/mid/087231
40,PYTHON,https://www.coherent.com/ja/lasers/nanosecond/python
41,Pythonコース,https://techacademy.jp/course/python
42,Pythonコース、トレーニング、チュートリアル | 今すぐ ...,https://www.udemy.com/ja/topic/python/
43,Pythonプログラミング入門,https://sites.google.com/view/ut-python/
44,Pythonでできること6選！仕事への活用方法から学習方法まで ...,https://x-tech.pasona.co.jp/media/detail.html?p=2104
45,【超入門】Pythonとは？できること・基本をわかりやすく解説,https://www.kagoya.jp/howto/it-glossary/develop/python/
46,Python（パイソン）とは？人気のプログラミング言語について ...,https://online.dhw.co.jp/kuritama/about-python/
47,Pythonの実行環境 | データ分析･グラフ作成 Origin,https://www.lightstone.co.jp/origin/feature/python.html
48,Pythonのコース一覧｜CTC教育サービス 研修/トレーニング,https://www.school.ctc-g.co.jp/python/
49,Python学習講座,https://www.python.ambitious-engineer.com/
50,初心者向け Python - Training,https://learn.microsoft.com/ja-jp/training/paths/beginner-python/
51,Pythonコース,https://www.daily-trial.com/python
52,Python,https://www.kkaneko.jp/pro/python/
53,Pythonエンジニア認定試験 - Odyssey CBT,https://cbt.odyssey-com.co.jp/pythonic-exam/index.html
